Date/Time,Word Count,en,es,fr,hi,it,ja,ru,zh
2024.06.22-15.34.37,0,0,0,0,0,0,0,0,0
2024.06.22-15.46.57,1127,1127,0,0,0,0,0,0,0
2024.06.22-15.58.13,1126,1126,0,0,0,0,0,0,0
2024.06.24-11.27.17,1126,1126,0,934,0,0,0,0,0
2024.06.24-11.50.42,1125,1125,0,934,0,0,0,0,0
2024.06.24-14.30.48,1125,1125,0,934,0,0,0,0,336
2024.06.24-14.51.11,1125,1125,0,934,0,0,0,0,606
2024.06.24-15.08.10,1125,1125,0,934,0,0,0,0,956
2024.06.24-15.23.03,1099,1099,0,933,0,0,0,0,955
2024.06.24-16.07.33,1100,1100,0,933,0,0,0,0,955
2024.06.24-16.08.58,1100,1100,3,933,0,0,0,0,955
2024.06.24-16.58.22,1100,1100,952,933,0,0,0,0,955
2024.06.25-11.59.52,1074,1074,942,923,0,0,0,0,0
2024.06.25-12.11.17,1074,1074,946,942,0,0,0,0,0
2024.06.25-12.16.40,1073,1073,946,942,0,0,0,13,0
2024.06.25-12.32.01,1073,1073,946,942,0,0,0,0,0
2024.06.25-13.03.24,1069,1069,946,942,0,518,0,0,0
2024.06.25-13.06.11,1067,1067,944,940,0,516,0,0,0
2024.06.25-13.22.54,1067,1067,944,940,0,947,0,0,0
2024.06.25-14.18.35,1067,1067,944,940,0,947,10,0,0
2024.06.25-15.24.37,1067,1067,944,940,0,947,1067,0,0
2024.06.25-15.27.57,1067,1067,944,940,0,947,1067,3,0
2024.06.25-16.17.46,1067,1067,944,940,0,947,1067,1063,0
2024.06.25-18.23.12,1074,1074,943,939,0,946,1066,1062,0
2024.07.24-14.28.03,2143,2143,868,868,0,872,971,967,0
2024.07.24-15.31.16,2143,2143,868,1719,0,872,971,967,0
2024.07.24-15.54.10,2143,2143,868,1719,0,1582,971,967,0
2024.07.26-12.31.38,2158,2158,847,1700,0,1681,950,946,0
2024.07.26-12.35.22,2157,2157,847,1700,0,1681,950,946,0
2024.07.26-13.53.20,2157,2157,847,1700,0,1681,1849,946,0
2024.07.26-14.47.59,2157,2157,847,1700,0,1681,1849,1877,0
2024.07.26-15.37.11,2157,2157,1798,1700,0,1681,1849,1877,0
2024.08.09-12.57.35,2360,2360,1683,1590,0,1571,1737,1763,0
2024.08.09-13.10.35,2310,2310,1688,1595,0,1576,1742,1768,0
